Model,Scenario,MSRP,TaxRate,ResidualValue,ResidualPct,L1_MonthlyPayment,L1_PreTaxMonthly,L1_TotalDueAtSigning,L1_Term,L1_MoneyFactor,L1_AnnualMileage,L1_DownPayment,L1_AcquisitionFee,L1_FirstMonthPayment,L1_MonthlySalesTax,L1_UpfrontSalesTax,L1_3YrTotal,L2_FutureMSRP,L2_FutureResidual,L2_MonthlyPayment,L2_TotalDueAtSigning,L2_3YrTotal,Lease_6YrTotal
2026 Civic Sport Hybrid Sedan,no down payment,29395.0,10.5,19312.12,0.657,315.17,285.21,5042.86,36,0.00203,15000,3740,595.0,315.17,29.96,0.0,16388.98,33065.38,21723.95,367.43,4702.43,17929.91,34318.89
2026 Civic Sport Hybrid Sedan,with down payment,29395.0,10.5,19307.13,0.6568,356.14,322.3,3713.64,36,0.00203,15000,2500,595.0,356.14,33.84,0.0,16534.68,33065.38,21717.34,408.46,3503.46,18208.02,34742.7
2026 Civic Sport Hybrid Sedan,with bigger down payment,29395.0,10.5,19316.87,0.6571,273.53,247.53,6393.52,36,0.00203,15000,5000,595.0,273.53,26.0,0.0,16240.6,33065.38,21727.26,325.84,5920.84,17651.08,33891.68
2026 Ridgeline Sport,with down payment,45995.0,10.5,27691.26,0.602,615.99,557.45,3973.48,36,0.00142,15000,2500,595.0,615.99,58.54,0.0,26149.12,51738.12,31146.35,700.64,3795.64,29018.68,55167.8
2026 Ridgeline Sport,with bigger down payment,45995.0,10.5,27700.95,0.6023,535.04,484.2,6655.04,36,0.00142,15000,5000,595.0,535.04,50.84,0.0,25916.48,51738.12,31161.87,619.53,6214.53,28517.61,54434.09
