Model,Scenario,MSRP,TaxRate,ResidualValue,ResidualPct,L1_MonthlyPayment,L1_PreTaxMonthly,L1_TotalDueAtSigning,L1_Term,L1_MoneyFactor,L1_AnnualMileage,L1_DownPayment,L1_AcquisitionFee,L1_FirstMonthPayment,L1_MonthlySalesTax,L1_UpfrontSalesTax,L1_3YrTotal,L2_FutureMSRP,L2_FutureResidual,L2_MonthlyPayment,L2_TotalDueAtSigning,L2_3YrTotal,Lease_6YrTotal
2026 Civic Sport Hybrid Sedan,no down payment,29395.0,10.5,19297.4,0.6565,438.76,397.07,1033.76,36,0.00203,15000,0,595.0,438.76,41.69,0.0,16829.12,33065.38,21707.42,491.09,1086.09,18765.33,35594.45
2026 Civic Sport Hybrid Sedan,25000 down payment,29395.0,10.5,19297.4,0.6565,356.14,322.3,3713.64,36,0.00203,15000,2500,595.0,356.14,33.84,0.0,16534.68,33065.38,21707.42,491.09,1086.09,18765.33,35300.01
2026 Civic Sport Hybrid Sedan,9000 down payment,29395.0,10.5,19297.4,0.6565,141.33,127.9,10681.33,36,0.00203,15000,9000,595.0,141.33,13.43,0.0,15769.21,33065.38,21707.42,491.09,1086.09,18765.33,34534.54
2026 Ridgeline Sport,no down payment,45995.0,10.5,27681.94,0.6018,696.91,630.69,1291.91,36,0.00142,15000,0,595.0,696.91,66.22,0.0,26380.67,51738.12,31136.0,781.61,1376.61,29514.57,55895.24
2026 Ridgeline Sport,25000 down payment,45995.0,10.5,27681.94,0.6018,615.99,557.45,3973.48,36,0.00142,15000,2500,595.0,615.99,58.54,0.0,26149.12,51738.12,31136.0,781.61,1376.61,29514.57,55663.69
2026 Ridgeline Sport,9000 down payment,45995.0,10.5,27681.94,0.6018,405.55,367.01,10945.55,36,0.00142,15000,9000,595.0,405.55,38.54,0.0,25545.35,51738.12,31136.0,781.61,1376.61,29514.57,55059.92
